Brain Area,Analysis Type,Neuron,Test Accuracy,p value
S1,GO,[3.01201803e+11],46.875,0.791
S1,GO,[3.01201803e+11],59.375,0.259
S1,GO,[3.01201803e+11],65.625,0.065
S1,GO,[3.01201803e+11],46.875,0.801
S1,GO,[4.06201804e+11],37.5,0.99
S1,GO,[4.06201804e+11],50.0,0.857
S1,GO,[4.06201804e+11],56.25,0.578
S1,GO,[4.06201804e+11],62.5,0.409
S1,GO,[4.06201804e+11],56.25,0.57
S1,GO,[4.06201805e+11],55.0,0.205
S1,GO,[4.06201805e+11],40.0,0.967
S1,GO,[4.06201805e+11],51.25,0.454
S1,GO,[4.06201805e+11],55.0,0.243
S1,GO,[4.06201806e+11],56.25,0.212
S1,GO,[4.06201806e+11],40.625,0.906
S1,GO,[4.06201806e+11],50.0,0.532
S1,GO,[4.06201806e+11],46.875,0.631
S1,GO,[4.10201804e+11],50.0,0.526
S1,GO,[4.10201804e+11],55.208333333333336,0.154
S1,GO,[4.10201804e+11],55.208333333333336,0.155
S1,GO,[4.10201805e+11],56.25,0.169
S1,GO,[4.10201805e+11],45.0,0.917
S1,GO,[5.31201805e+11],61.25,0.205
S1,GO,[5.31201805e+11],46.25,0.983
S1,GO,[5.31201805e+11],52.5,0.795
S1,GO,[5.31201805e+11],58.75,0.364
S1,GO,[5.31201805e+11],47.5,0.982
S1,GO,[5.31201805e+11],48.75,0.959
S1,GO,[5.31201805e+11],56.25,0.191
S1,GO,[5.31201805e+11],53.125,0.398
S1,GO,[5.31201805e+11],48.958333333333336,0.697
S1,GO,[5.31201805e+11],56.25,0.184
S1,GO,[5.31201805e+11],60.416666666666664,0.03
S1,GO,[5.88201808e+11],52.083333333333336,0.311
S1,GO,[5.88201808e+11],53.125,0.253
S1,GO,[5.88201808e+11],52.083333333333336,0.307
S1,GO,[5.88201808e+11],50.0,0.543
S1,GO,[5.88201808e+11],48.4375,0.664
S1,GO,[5.88201808e+11],47.65625,0.744
S1,GO,[5.88201809e+11],57.291666666666664,0.066
S1,GO,[5.88201809e+11],62.5,0.005
S1,GO,[5.88201809e+11],45.833333333333336,0.848
S1,GO,[5.88201809e+11],47.916666666666664,0.725
S1,GO,[5.88201809e+11],45.535714285714285,0.811
S1,GO,[5.88201809e+11],51.785714285714285,0.331
S1,GO,[5.88201809e+11],46.42857142857143,0.806
S1,GO,[5.88201809e+11],50.0,0.528
S1,GO,[5.88201809e+11],31.25,0.999
S1,GO,[5.88201809e+11],42.708333333333336,0.931
S1,GO,[5.88201809e+11],50.0,0.533
S1,GO,[5.88201809e+11],53.125,0.23
S1,GO,[5.8820181e+11],37.5,0.996
S1,GO,[5.8820181e+11],58.035714285714285,0.065
S1,GO,[7.56201808e+11],62.5,0.021
S1,GO,[7.56201808e+11],50.0,0.546
S1,GO,[7.56201809e+11],56.25,0.169
S1,GO,[7.56201809e+11],46.25,0.722
S1,GO,[7.56201809e+11],52.5,0.305
S1,GO,[7.56201809e+11],55.0,0.19
S1,GO,[7.56201809e+11],41.25,0.939
S1,GO,[7.56201809e+11],42.5,0.914
S1,GO,[7.5620181e+11],54.464285714285715,0.171
S1,GO,[7.5620181e+11],54.464285714285715,0.207
S1,GO,[7.5620181e+11],50.892857142857146,0.458
S1,GO,[7.5620181e+11],60.416666666666664,0.049
S1,GO,[7.5620181e+11],50.0,0.527
S1,GO,[7.5620181e+11],45.833333333333336,0.815
S1,GO,[1.14020191e+12],66.66666666666667,0.009
S1,GO,[1.14020191e+12],63.541666666666664,0.002
S1,GO,[1.14020191e+12],51.041666666666664,0.384
S1,GO,[1.14020191e+12],45.833333333333336,0.74
S1,GO,[1.14020191e+12],60.9375,0.028
S1,GO,[1.14020191e+12],54.6875,0.216
S1,GO,[1.14020191e+12],50.0,0.578
S1,GO,[1.14020191e+12],56.25,0.171
S1,GO,[3.01201803e+12],50.0,0.711
S1,GO,[3.01201803e+12],50.0,0.731
S1,GO,[3.01201803e+12],75.0,0.003
S1,GO,[3.01201803e+12],50.0,0.701
S1,GO,[3.01201803e+12],34.375,0.998
S1,GO,[3.01201803e+12],37.5,0.99
S1,GO,[3.01201803e+12],46.875,0.809
S1,GO,[3.01201803e+12],50.0,0.724
S1,GO,[3.01201803e+12],43.75,0.933
S1,GO,[3.01201803e+12],37.5,0.987
S1,GO,[3.01201803e+12],59.375,0.231
S1,GO,[4.06201804e+12],56.25,0.567
S1,GO,[4.06201804e+12],68.75,0.122
S1,GO,[4.06201804e+12],68.75,0.106
S1,GO,[4.06201804e+12],43.75,0.973
S1,GO,[4.06201804e+12],50.0,0.876
S1,GO,[4.06201804e+12],50.0,0.849
S1,GO,[4.06201804e+12],62.5,0.382
S1,GO,[4.06201805e+12],45.0,0.838
S1,GO,[4.06201805e+12],46.25,0.794
S1,GO,[4.06201805e+12],53.75,0.269
S1,GO,[4.06201805e+12],43.75,0.87
S1,GO,[4.06201805e+12],60.0,0.043
S1,GO,[4.06201805e+12],50.0,0.537
S1,GO,[4.06201805e+12],48.75,0.62
S1,GO,[4.06201806e+12],50.0,0.517
S1,GO,[4.06201806e+12],46.875,0.651
S1,GO,[4.06201806e+12],34.375,0.98
S1,GO,[4.06201806e+12],65.625,0.02
S1,GO,[4.06201806e+12],43.75,0.838
S1,GO,[4.06201806e+12],59.375,0.141
S1,GO,[4.06201806e+12],53.125,0.421
S1,GO,[4.10201804e+12],60.416666666666664,0.017
S1,GO,[4.10201804e+12],45.833333333333336,0.81
S1,GO,[4.10201804e+12],47.916666666666664,0.69
S1,GO,[4.10201805e+12],47.5,0.815
S1,GO,[4.10201805e+12],43.75,0.939
S1,GO,[4.10201805e+12],55.0,0.224
S1,GO,[5.31201805e+12],51.25,0.846
S1,GO,[5.31201805e+12],62.5,0.141
S1,GO,[5.31201805e+12],46.25,0.981
S1,GO,[5.31201805e+12],45.0,0.993
S1,GO,[5.31201805e+12],58.75,0.369
S1,GO,[5.31201805e+12],48.75,0.96
S1,GO,[5.31201805e+12],42.5,0.998
S1,GO,[5.31201805e+12],57.5,0.456
S1,GO,[5.31201805e+12],33.75,1.0
S1,GO,[5.31201805e+12],46.25,0.987
S1,GO,[5.31201805e+12],40.0,1.0
S1,GO,[5.31201805e+12],48.75,0.963
S1,GO,[5.31201805e+12],48.75,0.942
S1,GO,[5.31201805e+12],45.0,0.989
S1,GO,[5.31201805e+12],47.5,0.978
S1,GO,[5.31201805e+12],46.875,0.815
S1,GO,[5.31201805e+12],62.5,0.012
S1,GO,[5.31201805e+12],48.958333333333336,0.731
S1,GO,[5.31201805e+12],54.166666666666664,0.312
S1,GO,[5.31201805e+12],64.58333333333333,0.005
S1,GO,[5.31201805e+12],50.0,0.602
S1,GO,[5.31201805e+12],62.5,0.008
S1,GO,[5.31201805e+12],55.208333333333336,0.206
S1,GO,[5.31201805e+12],39.583333333333336,0.986
S1,GO,[5.31201805e+12],47.916666666666664,0.754
S1,GO,[5.31201805e+12],63.541666666666664,0.011
S1,GO,[5.31201805e+12],61.458333333333336,0.016
S1,GO,[5.31201805e+12],65.625,0.002
S1,GO,[5.31201805e+12],48.958333333333336,0.663
S1,GO,[5.31201805e+12],58.333333333333336,0.092
S1,GO,[5.31201805e+12],51.041666666666664,0.516
S1,GO,[5.31201805e+12],45.833333333333336,0.883
S1,GO,[5.31201805e+12],54.166666666666664,0.303
S1,GO,[5.88201808e+12],51.041666666666664,0.397
S1,GO,[5.88201808e+12],48.958333333333336,0.615
S1,GO,[5.88201808e+12],54.166666666666664,0.18
S1,GO,[5.88201808e+12],63.541666666666664,0.003
S1,GO,[5.88201808e+12],52.083333333333336,0.308
S1,GO,[5.88201808e+12],55.208333333333336,0.135
S1,GO,[5.88201808e+12],47.65625,0.738
S1,GO,[5.88201809e+12],54.166666666666664,0.24
S1,GO,[5.88201809e+12],47.916666666666664,0.718
S1,GO,[5.88201809e+12],42.708333333333336,0.958
S1,GO,[5.88201809e+12],46.875,0.787
S1,GO,[5.88201809e+12],50.0,0.586
S1,GO,[5.88201809e+12],46.875,0.781
S1,GO,[5.88201809e+12],52.083333333333336,0.354
S1,GO,[5.88201809e+12],57.291666666666664,0.06
S1,GO,[5.88201809e+12],48.958333333333336,0.664
S1,GO,[5.88201809e+12],46.875,0.822
S1,GO,[5.88201809e+12],50.0,0.581
S1,GO,[5.88201809e+12],54.166666666666664,0.227
S1,GO,[5.88201809e+12],59.375,0.033
S1,GO,[5.88201809e+12],46.875,0.791
S1,GO,[5.88201809e+12],53.125,0.303
S1,GO,[5.88201809e+12],50.0,0.588
S1,GO,[5.88201809e+12],46.875,0.803
S1,GO,[5.88201809e+12],58.333333333333336,0.04
S1,GO,[5.88201809e+12],54.166666666666664,0.238
S1,GO,[5.88201809e+12],47.916666666666664,0.726
S1,GO,[5.88201809e+12],43.75,0.914
S1,GO,[5.88201809e+12],46.875,0.777
S1,GO,[5.88201809e+12],45.833333333333336,0.836
S1,GO,[5.88201809e+12],51.041666666666664,0.448
S1,GO,[5.88201809e+12],59.375,0.03
S1,GO,[5.88201809e+12],50.892857142857146,0.415
S1,GO,[5.88201809e+12],54.464285714285715,0.149
S1,GO,[5.88201809e+12],50.0,0.533
S1,GO,[5.88201809e+12],66.07142857142857,0.0
S1,GO,[5.88201809e+12],55.357142857142854,0.129
S1,GO,[5.88201809e+12],60.0,0.028
S1,GO,[5.88201809e+12],64.0625,0.015
S1,GO,[5.88201809e+12],46.875,0.712
S1,GO,[5.88201809e+12],45.833333333333336,0.809
S1,GO,[5.88201809e+12],46.875,0.752
S1,GO,[5.88201809e+12],52.083333333333336,0.309
S1,GO,[5.88201809e+12],51.041666666666664,0.376
S1,GO,[5.88201809e+12],59.375,0.027
S1,GO,[5.8820181e+12],58.75,0.095
S1,GO,[5.8820181e+12],51.25,0.453
S1,GO,[5.8820181e+12],53.75,0.285
S1,GO,[5.8820181e+12],48.75,0.665
S1,GO,[5.8820181e+12],41.25,0.955
S1,GO,[5.8820181e+12],47.32142857142857,0.776
S1,GO,[5.8820181e+12],50.892857142857146,0.42
S1,GO,[5.8820181e+12],44.642857142857146,0.905
S1,GO,[7.56201808e+12],52.083333333333336,0.441
S1,GO,[7.56201808e+12],50.0,0.527
S1,GO,[7.56201808e+12],50.0,0.556
S1,GO,[7.56201808e+12],45.833333333333336,0.806
S1,GO,[7.56201809e+12],59.375,0.117
S1,GO,[7.56201809e+12],46.875,0.607
S1,GO,[7.56201809e+12],50.0,0.499
S1,GO,[7.56201809e+12],38.75,0.976
S1,GO,[7.56201809e+12],37.5,0.989
S1,GO,[7.56201809e+12],55.0,0.164
S1,GO,[7.56201809e+12],56.25,0.15
S1,GO,[7.56201809e+12],52.5,0.324
S1,GO,[7.56201809e+12],51.25,0.423
S1,GO,[7.56201809e+12],46.25,0.724
S1,GO,[7.56201809e+12],51.5625,0.471
S1,GO,[7.56201809e+12],48.4375,0.751
S1,GO,[7.56201809e+12],45.3125,0.865
S1,GO,[7.56201809e+12],42.1875,0.948
S1,GO,[7.56201809e+12],59.375,0.109
S1,GO,[7.5620181e+12],48.214285714285715,0.72
S1,GO,[7.5620181e+12],44.642857142857146,0.927
S1,GO,[7.5620181e+12],55.357142857142854,0.152
S1,GO,[7.5620181e+12],42.857142857142854,0.955
S1,GO,[7.5620181e+12],60.416666666666664,0.041
S1,GO,[7.5620181e+12],37.5,0.991
S1,GO,[7.5620181e+12],56.25,0.179
S1,GO,[7.5620181e+12],56.25,0.185
S1,GO,[7.5620181e+12],54.166666666666664,0.262
S1,GO,[7.5620181e+12],60.416666666666664,0.035
S1,GO,[7.5620181e+12],45.833333333333336,0.813
S1,GO,[7.5620181e+12],50.0,0.569
S1,GO,[7.5620181e+12],41.666666666666664,0.917
S1,GO,[1.14020191e+13],37.5,0.975
S1,GO,[1.14020191e+13],41.666666666666664,0.892
S1,GO,[1.14020191e+13],45.833333333333336,0.708
S1,GO,[1.14020191e+13],54.166666666666664,0.295
S1,GO,[1.14020191e+13],52.083333333333336,0.379
S1,GO,[1.14020191e+13],54.166666666666664,0.291
S1,GO,[1.14020191e+13],64.58333333333333,0.013
S1,GO,[1.14020191e+13],45.833333333333336,0.72
S1,GO,[1.14020191e+13],50.0,0.477
S1,GO,[1.14020191e+13],54.166666666666664,0.167
S1,GO,[1.14020191e+13],59.375,0.027
S1,GO,[1.14020191e+13],51.041666666666664,0.372
S1,GO,[1.14020191e+13],47.916666666666664,0.709
S1,GO,[1.14020191e+13],58.333333333333336,0.048
S1,GO,[1.14020191e+13],59.375,0.031
S1,GO,[1.14020191e+13],46.875,0.77
S1,GO,[1.14020191e+13],66.66666666666667,0.0
S1,GO,[1.14020191e+13],51.041666666666664,0.384
S1,GO,[1.14020191e+13],48.958333333333336,0.638
S1,GO,[1.14020191e+13],52.083333333333336,0.303
S1,GO,[1.14020191e+13],54.166666666666664,0.193
S1,GO,[1.14020191e+13],50.0,0.583
S1,GO,[1.14020191e+13],47.916666666666664,0.694
S1,GO,[1.14020191e+13],50.0,0.491
S1,GO,[1.14020191e+13],45.833333333333336,0.744
S1,GO,[1.14020191e+13],56.25,0.22
S1,GO,[1.14020191e+13],52.083333333333336,0.417
S1,GO,[1.14020191e+13],45.833333333333336,0.726
S1,GO,[1.14020191e+13],75.0,0.0
S1,GO,[1.14020191e+13],60.416666666666664,0.086
S1,GO,[1.14020191e+13],47.916666666666664,0.644
S1,GO,[1.14020191e+13],43.75,0.88
S1,GO,[1.14020191e+13],43.75,0.88
S1,GO,[1.14020191e+13],42.1875,0.928
S1,GO,[1.14020191e+13],62.5,0.025
S1,GO,[1.14020191e+13],68.75,0.0
S1,GO,[1.14020191e+13],60.9375,0.035
S1,GO,[1.14020191e+13],60.9375,0.037
S1,GO,[1.14020191e+13],64.0625,0.012
S1,GO,[1.14020191e+13],60.9375,0.033
S1,GO,[1.14020191e+13],60.9375,0.039
S1,GO,[1.14020191e+13],71.875,0.001
S1,GO,[1.14020191e+13],75.0,0.0
S1,GO,[1.14020191e+13],62.5,0.032
S1,GO,[1.14020191e+13],54.6875,0.225
S1,GO,[1.14020191e+13],56.25,0.14
S1,GO,[1.14020191e+13],59.375,0.055
S1,GO,[1.14020191e+13],45.3125,0.807
S1,GO,[1.14020191e+13],40.625,0.964
S1,GO,[1.14020191e+13],42.1875,0.93
S1,GO,[1.14020191e+13],60.9375,0.044
S1,GO,[1.14020191e+13],50.0,0.589
S1,GO,[1.14020191e+13],50.0,0.575
S1,GO,[1.14020191e+13],43.75,0.898
S1,GO,[1.14020191e+13],46.875,0.773
S1,GO,[1.14020191e+13],51.5625,0.379
S1,GO,[1.14020191e+13],51.5625,0.371
S1,GO,[1.14020191e+13],50.0,0.593
S1,LICK,[3.01201803e+11],59.375,0.925
S1,LICK,[3.01201803e+11],53.125,0.987
S1,LICK,[3.01201803e+11],43.75,1.0
S1,LICK,[3.01201803e+11],59.375,0.91
S1,LICK,[4.06201804e+11],50.0,0.976
S1,LICK,[4.06201804e+11],37.5,1.0
S1,LICK,[4.06201804e+11],18.75,1.0
S1,LICK,[4.06201804e+11],43.75,0.998
S1,LICK,[4.06201804e+11],43.75,1.0
S1,LICK,[4.06201805e+11],52.5,1.0
S1,LICK,[4.06201805e+11],57.5,0.999
S1,LICK,[4.06201805e+11],53.75,0.999
S1,LICK,[4.06201805e+11],61.25,0.972
S1,LICK,[4.06201806e+11],46.875,0.683
S1,LICK,[4.06201806e+11],46.875,0.644
S1,LICK,[4.06201806e+11],59.375,0.138
S1,LICK,[4.06201806e+11],53.125,0.431
S1,LICK,[4.10201804e+11],44.791666666666664,1.0
S1,LICK,[4.10201804e+11],65.625,0.77
S1,LICK,[4.10201804e+11],43.75,1.0
S1,LICK,[5.31201805e+11],53.75,1.0
S1,LICK,[5.31201805e+11],63.75,1.0
S1,LICK,[5.31201805e+11],50.0,1.0
S1,LICK,[5.31201805e+11],58.75,1.0
S1,LICK,[5.31201805e+11],66.25,1.0
S1,LICK,[5.31201805e+11],57.5,1.0
S1,LICK,[5.31201805e+11],52.083333333333336,0.997
S1,LICK,[5.31201805e+11],57.291666666666664,0.983
S1,LICK,[5.31201805e+11],31.25,1.0
S1,LICK,[5.31201805e+11],62.5,0.792
S1,LICK,[5.31201805e+11],52.083333333333336,0.998
S1,LICK,[5.88201808e+11],47.916666666666664,1.0
S1,LICK,[5.88201808e+11],61.458333333333336,1.0
S1,LICK,[5.88201808e+11],50.0,1.0
S1,LICK,[5.88201808e+11],65.625,1.0
S1,LICK,[5.88201808e+11],81.25,0.88
S1,LICK,[5.88201808e+11],62.5,1.0
S1,LICK,[5.88201809e+11],53.125,1.0
S1,LICK,[5.88201809e+11],47.916666666666664,1.0
S1,LICK,[5.88201809e+11],34.375,1.0
S1,LICK,[5.88201809e+11],50.0,1.0
S1,LICK,[5.88201809e+11],58.92857142857143,1.0
S1,LICK,[5.88201809e+11],37.5,1.0
S1,LICK,[5.88201809e+11],53.57142857142857,1.0
S1,LICK,[5.88201809e+11],53.75,0.587
S1,LICK,[5.88201809e+11],59.375,0.996
S1,LICK,[5.88201809e+11],43.75,0.994
S1,LICK,[5.88201809e+11],47.916666666666664,0.948
S1,LICK,[5.88201809e+11],50.0,0.869
S1,LICK,[5.8820181e+11],57.5,0.751
S1,LICK,[5.8820181e+11],53.57142857142857,1.0
S1,LICK,[7.56201808e+11],52.083333333333336,0.712
S1,LICK,[7.56201808e+11],37.5,1.0
S1,LICK,[7.56201809e+11],71.875,0.851
S1,LICK,[7.56201809e+11],28.75,1.0
S1,LICK,[7.56201809e+11],58.75,1.0
S1,LICK,[7.56201809e+11],27.5,1.0
S1,LICK,[7.56201809e+11],51.25,1.0
S1,LICK,[7.56201809e+11],70.0,1.0
S1,LICK,[7.5620181e+11],78.57142857142857,0.59
S1,LICK,[7.5620181e+11],60.714285714285715,1.0
S1,LICK,[7.5620181e+11],54.464285714285715,1.0
S1,LICK,[7.5620181e+11],68.75,0.926
S1,LICK,[7.5620181e+11],66.66666666666667,0.967
S1,LICK,[7.5620181e+11],58.333333333333336,0.999
S1,LICK,[1.14020191e+12],39.583333333333336,0.982
S1,LICK,[1.14020191e+12],45.833333333333336,1.0
S1,LICK,[1.14020191e+12],58.333333333333336,0.901
S1,LICK,[1.14020191e+12],37.5,1.0
S1,LICK,[1.14020191e+12],40.625,1.0
S1,LICK,[1.14020191e+12],56.25,0.647
S1,LICK,[1.14020191e+12],57.8125,0.564
S1,LICK,[1.14020191e+12],40.625,0.999
S1,LICK,[3.01201803e+12],62.5,0.734
S1,LICK,[3.01201803e+12],50.0,0.997
S1,LICK,[3.01201803e+12],56.25,0.951
S1,LICK,[3.01201803e+12],53.125,0.993
S1,LICK,[3.01201803e+12],59.375,0.91
S1,LICK,[3.01201803e+12],43.75,1.0
S1,LICK,[3.01201803e+12],56.25,0.95
S1,LICK,[3.01201803e+12],56.25,0.964
S1,LICK,[3.01201803e+12],59.375,0.902
S1,LICK,[3.01201803e+12],43.75,0.999
S1,LICK,[3.01201803e+12],37.5,1.0
S1,LICK,[4.06201804e+12],56.25,0.888
S1,LICK,[4.06201804e+12],50.0,0.983
S1,LICK,[4.06201804e+12],43.75,1.0
S1,LICK,[4.06201804e+12],37.5,1.0
S1,LICK,[4.06201804e+12],50.0,0.985
S1,LICK,[4.06201804e+12],50.0,0.977
S1,LICK,[4.06201804e+12],31.25,1.0
S1,LICK,[4.06201805e+12],66.25,0.801
S1,LICK,[4.06201805e+12],56.25,0.996
S1,LICK,[4.06201805e+12],57.5,0.998
S1,LICK,[4.06201805e+12],50.0,1.0
S1,LICK,[4.06201805e+12],80.0,0.006
S1,LICK,[4.06201805e+12],46.25,1.0
S1,LICK,[4.06201805e+12],55.0,0.999
S1,LICK,[4.06201806e+12],46.875,0.673
S1,LICK,[4.06201806e+12],62.5,0.055
S1,LICK,[4.06201806e+12],46.875,0.693
S1,LICK,[4.06201806e+12],46.875,0.688
S1,LICK,[4.06201806e+12],59.375,0.141
S1,LICK,[4.06201806e+12],50.0,0.563
S1,LICK,[4.06201806e+12],40.625,0.913
S1,LICK,[4.10201804e+12],42.708333333333336,1.0
S1,LICK,[4.10201804e+12],20.833333333333332,1.0
S1,LICK,[4.10201804e+12],39.583333333333336,1.0
S1,LICK,[5.31201805e+12],56.25,1.0
S1,LICK,[5.31201805e+12],47.5,1.0
S1,LICK,[5.31201805e+12],65.0,1.0
S1,LICK,[5.31201805e+12],53.75,1.0
S1,LICK,[5.31201805e+12],56.25,1.0
S1,LICK,[5.31201805e+12],46.25,1.0
S1,LICK,[5.31201805e+12],48.75,1.0
S1,LICK,[5.31201805e+12],47.5,1.0
S1,LICK,[5.31201805e+12],52.5,1.0
S1,LICK,[5.31201805e+12],51.25,1.0
S1,LICK,[5.31201805e+12],38.75,1.0
S1,LICK,[5.31201805e+12],61.25,1.0
S1,LICK,[5.31201805e+12],65.0,1.0
S1,LICK,[5.31201805e+12],62.5,1.0
S1,LICK,[5.31201805e+12],63.75,0.999
S1,LICK,[5.31201805e+12],54.166666666666664,0.997
S1,LICK,[5.31201805e+12],55.208333333333336,0.993
S1,LICK,[5.31201805e+12],51.041666666666664,0.998
S1,LICK,[5.31201805e+12],47.916666666666664,1.0
S1,LICK,[5.31201805e+12],66.66666666666667,0.33
S1,LICK,[5.31201805e+12],48.958333333333336,1.0
S1,LICK,[5.31201805e+12],43.75,1.0
S1,LICK,[5.31201805e+12],53.125,0.998
S1,LICK,[5.31201805e+12],52.083333333333336,0.998
S1,LICK,[5.31201805e+12],55.208333333333336,0.994
S1,LICK,[5.31201805e+12],56.25,0.988
S1,LICK,[5.31201805e+12],44.791666666666664,1.0
S1,LICK,[5.31201805e+12],56.25,0.986
S1,LICK,[5.31201805e+12],50.0,1.0
S1,LICK,[5.31201805e+12],37.5,1.0
S1,LICK,[5.31201805e+12],47.916666666666664,1.0
S1,LICK,[5.31201805e+12],58.333333333333336,0.952
S1,LICK,[5.31201805e+12],73.95833333333333,0.016
S1,LICK,[5.88201808e+12],52.083333333333336,1.0
S1,LICK,[5.88201808e+12],87.5,0.002
S1,LICK,[5.88201808e+12],57.291666666666664,1.0
S1,LICK,[5.88201808e+12],51.041666666666664,1.0
S1,LICK,[5.88201808e+12],70.83333333333333,0.986
S1,LICK,[5.88201808e+12],61.458333333333336,1.0
S1,LICK,[5.88201808e+12],45.3125,1.0
S1,LICK,[5.88201809e+12],67.70833333333333,1.0
S1,LICK,[5.88201809e+12],66.66666666666667,1.0
S1,LICK,[5.88201809e+12],60.416666666666664,1.0
S1,LICK,[5.88201809e+12],52.083333333333336,1.0
S1,LICK,[5.88201809e+12],54.166666666666664,1.0
S1,LICK,[5.88201809e+12],51.041666666666664,1.0
S1,LICK,[5.88201809e+12],57.291666666666664,1.0
S1,LICK,[5.88201809e+12],48.958333333333336,1.0
S1,LICK,[5.88201809e+12],61.458333333333336,1.0
S1,LICK,[5.88201809e+12],47.916666666666664,1.0
S1,LICK,[5.88201809e+12],43.75,1.0
S1,LICK,[5.88201809e+12],59.375,1.0
S1,LICK,[5.88201809e+12],60.416666666666664,1.0
S1,LICK,[5.88201809e+12],44.791666666666664,1.0
S1,LICK,[5.88201809e+12],36.458333333333336,1.0
S1,LICK,[5.88201809e+12],38.541666666666664,1.0
S1,LICK,[5.88201809e+12],19.791666666666668,1.0
S1,LICK,[5.88201809e+12],61.458333333333336,1.0
S1,LICK,[5.88201809e+12],57.291666666666664,1.0
S1,LICK,[5.88201809e+12],40.625,1.0
S1,LICK,[5.88201809e+12],70.83333333333333,1.0
S1,LICK,[5.88201809e+12],36.458333333333336,1.0
S1,LICK,[5.88201809e+12],56.25,1.0
S1,LICK,[5.88201809e+12],58.333333333333336,1.0
S1,LICK,[5.88201809e+12],51.041666666666664,1.0
S1,LICK,[5.88201809e+12],57.142857142857146,1.0
S1,LICK,[5.88201809e+12],60.714285714285715,1.0
S1,LICK,[5.88201809e+12],53.57142857142857,1.0
S1,LICK,[5.88201809e+12],55.357142857142854,1.0
S1,LICK,[5.88201809e+12],60.714285714285715,1.0
S1,LICK,[5.88201809e+12],38.75,0.999
S1,LICK,[5.88201809e+12],78.125,0.096
S1,LICK,[5.88201809e+12],48.4375,1.0
S1,LICK,[5.88201809e+12],50.0,0.893
S1,LICK,[5.88201809e+12],45.833333333333336,0.987
S1,LICK,[5.88201809e+12],34.375,1.0
S1,LICK,[5.88201809e+12],63.541666666666664,0.035
S1,LICK,[5.88201809e+12],56.25,0.394
S1,LICK,[5.8820181e+12],45.0,1.0
S1,LICK,[5.8820181e+12],26.25,1.0
S1,LICK,[5.8820181e+12],48.75,0.996
S1,LICK,[5.8820181e+12],26.25,1.0
S1,LICK,[5.8820181e+12],52.5,0.948
S1,LICK,[5.8820181e+12],44.642857142857146,1.0
S1,LICK,[5.8820181e+12],61.607142857142854,1.0
S1,LICK,[5.8820181e+12],41.07142857142857,1.0
S1,LICK,[7.56201808e+12],54.166666666666664,0.51
S1,LICK,[7.56201808e+12],50.0,0.799
S1,LICK,[7.56201808e+12],64.58333333333333,0.038
S1,LICK,[7.56201808e+12],45.833333333333336,0.946
S1,LICK,[7.56201809e+12],37.5,1.0
S1,LICK,[7.56201809e+12],53.125,1.0
S1,LICK,[7.56201809e+12],28.125,1.0
S1,LICK,[7.56201809e+12],56.25,1.0
S1,LICK,[7.56201809e+12],83.75,0.395
S1,LICK,[7.56201809e+12],52.5,1.0
S1,LICK,[7.56201809e+12],63.75,1.0
S1,LICK,[7.56201809e+12],60.0,1.0
S1,LICK,[7.56201809e+12],51.25,1.0
S1,LICK,[7.56201809e+12],51.25,1.0
S1,LICK,[7.56201809e+12],59.375,1.0
S1,LICK,[7.56201809e+12],59.375,1.0
S1,LICK,[7.56201809e+12],39.0625,1.0
S1,LICK,[7.56201809e+12],37.5,1.0
S1,LICK,[7.56201809e+12],35.9375,1.0
S1,LICK,[7.5620181e+12],58.92857142857143,1.0
S1,LICK,[7.5620181e+12],54.464285714285715,1.0
S1,LICK,[7.5620181e+12],44.642857142857146,1.0
S1,LICK,[7.5620181e+12],57.142857142857146,1.0
S1,LICK,[7.5620181e+12],62.5,0.997
S1,LICK,[7.5620181e+12],60.416666666666664,0.999
S1,LICK,[7.5620181e+12],50.0,1.0
S1,LICK,[7.5620181e+12],54.166666666666664,1.0
S1,LICK,[7.5620181e+12],56.25,1.0
S1,LICK,[7.5620181e+12],56.25,1.0
S1,LICK,[7.5620181e+12],62.5,0.995
S1,LICK,[7.5620181e+12],58.333333333333336,1.0
S1,LICK,[7.5620181e+12],68.75,0.92
S1,LICK,[1.14020191e+13],52.083333333333336,0.561
S1,LICK,[1.14020191e+13],56.25,0.334
S1,LICK,[1.14020191e+13],60.416666666666664,0.097
S1,LICK,[1.14020191e+13],54.166666666666664,0.449
S1,LICK,[1.14020191e+13],33.333333333333336,1.0
S1,LICK,[1.14020191e+13],85.41666666666667,0.0
S1,LICK,[1.14020191e+13],58.333333333333336,0.243
S1,LICK,[1.14020191e+13],58.333333333333336,0.239
S1,LICK,[1.14020191e+13],39.583333333333336,0.979
S1,LICK,[1.14020191e+13],73.95833333333333,0.011
S1,LICK,[1.14020191e+13],59.375,0.864
S1,LICK,[1.14020191e+13],54.166666666666664,0.983
S1,LICK,[1.14020191e+13],54.166666666666664,0.991
S1,LICK,[1.14020191e+13],55.208333333333336,0.975
S1,LICK,[1.14020191e+13],51.041666666666664,0.997
S1,LICK,[1.14020191e+13],75.0,0.004
S1,LICK,[1.14020191e+13],61.458333333333336,0.75
S1,LICK,[1.14020191e+13],75.0,0.007
S1,LICK,[1.14020191e+13],51.041666666666664,0.999
S1,LICK,[1.14020191e+13],60.416666666666664,0.816
S1,LICK,[1.14020191e+13],53.125,0.993
S1,LICK,[1.14020191e+13],51.041666666666664,1.0
S1,LICK,[1.14020191e+13],71.875,0.02
S1,LICK,[1.14020191e+13],47.916666666666664,1.0
S1,LICK,[1.14020191e+13],56.25,0.955
S1,LICK,[1.14020191e+13],45.833333333333336,0.998
S1,LICK,[1.14020191e+13],81.25,0.004
S1,LICK,[1.14020191e+13],39.583333333333336,1.0
S1,LICK,[1.14020191e+13],45.833333333333336,1.0
S1,LICK,[1.14020191e+13],75.0,0.051
S1,LICK,[1.14020191e+13],72.91666666666667,0.103
S1,LICK,[1.14020191e+13],57.8125,0.571
S1,LICK,[1.14020191e+13],54.6875,0.752
S1,LICK,[1.14020191e+13],57.8125,0.566
S1,LICK,[1.14020191e+13],62.5,0.25
S1,LICK,[1.14020191e+13],75.0,0.003
S1,LICK,[1.14020191e+13],53.125,0.815
S1,LICK,[1.14020191e+13],35.9375,1.0
S1,LICK,[1.14020191e+13],54.6875,0.733
S1,LICK,[1.14020191e+13],54.6875,0.732
S1,LICK,[1.14020191e+13],76.5625,0.003
S1,LICK,[1.14020191e+13],87.5,0.0
S1,LICK,[1.14020191e+13],82.8125,0.0
S1,LICK,[1.14020191e+13],73.4375,0.004
S1,LICK,[1.14020191e+13],45.3125,0.995
S1,LICK,[1.14020191e+13],48.4375,0.97
S1,LICK,[1.14020191e+13],50.0,0.968
S1,LICK,[1.14020191e+13],57.8125,0.556
S1,LICK,[1.14020191e+13],70.3125,0.017
S1,LICK,[1.14020191e+13],50.0,0.96
S1,LICK,[1.14020191e+13],70.3125,0.024
S1,LICK,[1.14020191e+13],45.3125,0.994
S1,LICK,[1.14020191e+13],68.75,0.034
S1,LICK,[1.14020191e+13],53.125,0.817
S1,LICK,[1.14020191e+13],56.25,0.662
S1,LICK,[1.14020191e+13],71.875,0.006
S1,LICK,[1.14020191e+13],51.5625,0.886
S1,LICK,[1.14020191e+13],43.75,0.998
S1naive,GO,[1.21820191e+12],47.916666666666664,0.67
S1naive,GO,[1.21820191e+12],53.125,0.379
S1naive,GO,[1.21820191e+12],48.4375,0.671
S1naive,GO,[1.21820191e+12],50.0,0.567
S1naive,GO,[1.26020191e+12],50.0,0.578
S1naive,GO,[1.26020191e+12],41.666666666666664,0.895
S1naive,GO,[1.26020191e+12],56.25,0.194
S1naive,GO,[1.26020191e+12],43.75,0.814
S1naive,GO,[1.26020191e+12],62.5,0.041
S1naive,GO,[1.26820191e+12],31.25,0.995
S1naive,GO,[1.26820191e+12],53.125,0.456
S1naive,GO,[1.26820191e+12],58.333333333333336,0.107
S1naive,GO,[1.26820191e+12],45.833333333333336,0.787
S1naive,GO,[1.26820191e+12],47.916666666666664,0.663
S1naive,GO,[1.26820191e+12],58.333333333333336,0.125
S1naive,GO,[1.26820191e+12],54.166666666666664,0.272
S1naive,GO,[1.26820191e+12],54.166666666666664,0.258
S1naive,GO,[1.26820191e+12],54.166666666666664,0.244
S1naive,GO,[1.26820191e+12],47.916666666666664,0.692
S1naive,GO,[1.26820191e+12],56.25,0.197
S1naive,GO,[1.26820191e+12],43.75,0.835
S1naive,GO,[1.29820191e+12],43.75,0.834
S1naive,GO,[1.29820191e+12],28.125,0.997
S1naive,GO,[1.29820191e+12],43.75,0.95
S1naive,GO,[1.29820191e+12],48.4375,0.714
S1naive,GO,[1.21820191e+13],54.166666666666664,0.263
S1naive,GO,[1.21820191e+13],62.5,0.042
S1naive,GO,[1.21820191e+13],56.25,0.185
S1naive,GO,[1.21820191e+13],52.083333333333336,0.388
S1naive,GO,[1.21820191e+13],52.083333333333336,0.375
S1naive,GO,[1.21820191e+13],52.083333333333336,0.367
S1naive,GO,[1.21820191e+13],60.416666666666664,0.061
S1naive,GO,[1.21820191e+13],45.833333333333336,0.777
S1naive,GO,[1.21820191e+13],39.583333333333336,0.954
S1naive,GO,[1.21820191e+13],41.666666666666664,0.913
S1naive,GO,[1.21820191e+13],37.5,0.966
S1naive,GO,[1.21820191e+13],56.25,0.17
S1naive,GO,[1.21820191e+13],54.166666666666664,0.266
S1naive,GO,[1.21820191e+13],50.0,0.595
S1naive,GO,[1.21820191e+13],39.583333333333336,0.958
S1naive,GO,[1.21820191e+13],54.166666666666664,0.288
S1naive,GO,[1.21820191e+13],68.75,0.005
S1naive,GO,[1.21820191e+13],47.916666666666664,0.71
S1naive,GO,[1.21820191e+13],60.416666666666664,0.081
S1naive,GO,[1.21820191e+13],52.083333333333336,0.42
S1naive,GO,[1.21820191e+13],45.833333333333336,0.796
S1naive,GO,[1.21820191e+13],56.25,0.21
S1naive,GO,[1.21820191e+13],60.416666666666664,0.095
S1naive,GO,[1.21820191e+13],47.916666666666664,0.727
S1naive,GO,[1.21820191e+13],47.916666666666664,0.752
S1naive,GO,[1.21820191e+13],37.5,0.983
S1naive,GO,[1.21820191e+13],39.583333333333336,0.965
S1naive,GO,[1.21820191e+13],58.333333333333336,0.136
S1naive,GO,[1.21820191e+13],47.916666666666664,0.705
S1naive,GO,[1.21820191e+13],45.833333333333336,0.819
S1naive,GO,[1.21820191e+13],45.833333333333336,0.808
S1naive,GO,[1.21820191e+13],45.833333333333336,0.83
S1naive,GO,[1.21820191e+13],52.083333333333336,0.414
S1naive,GO,[1.21820191e+13],50.0,0.635
S1naive,GO,[1.21820191e+13],52.083333333333336,0.366
S1naive,GO,[1.21820191e+13],35.416666666666664,0.995
S1naive,GO,[1.21820191e+13],54.166666666666664,0.291
S1naive,GO,[1.21820191e+13],60.416666666666664,0.08
S1naive,GO,[1.21820191e+13],54.166666666666664,0.267
S1naive,GO,[1.21820191e+13],54.166666666666664,0.307
S1naive,GO,[1.21820191e+13],50.0,0.639
S1naive,GO,[1.21820191e+13],45.3125,0.844
S1naive,GO,[1.21820191e+13],50.0,0.569
S1naive,GO,[1.21820191e+13],53.125,0.397
S1naive,GO,[1.21820191e+13],53.125,0.352
S1naive,GO,[1.21820191e+13],53.125,0.386
S1naive,GO,[1.21820191e+13],54.6875,0.279
S1naive,GO,[1.21820191e+13],50.0,0.569
S1naive,GO,[1.21820191e+13],39.0625,0.985
S1naive,GO,[1.21820191e+13],39.0625,0.974
S1naive,GO,[1.21820191e+13],57.8125,0.123
S1naive,GO,[1.21820191e+13],48.4375,0.638
S1naive,GO,[1.21820191e+13],50.0,0.58
S1naive,GO,[1.21820191e+13],56.25,0.175
S1naive,GO,[1.21820191e+13],54.6875,0.273
S1naive,GO,[1.21820191e+13],46.875,0.738
S1naive,GO,[1.26020191e+13],39.583333333333336,0.949
S1naive,GO,[1.26020191e+13],50.0,0.541
S1naive,GO,[1.26020191e+13],54.166666666666664,0.216
S1naive,GO,[1.26020191e+13],47.916666666666664,0.659
S1naive,GO,[1.26020191e+13],64.58333333333333,0.015
S1naive,GO,[1.26020191e+13],45.833333333333336,0.761
S1naive,GO,[1.26020191e+13],52.083333333333336,0.319
S1naive,GO,[1.26020191e+13],47.916666666666664,0.658
S1naive,GO,[1.26020191e+13],52.083333333333336,0.321
S1naive,GO,[1.26020191e+13],45.833333333333336,0.773
S1naive,GO,[1.26020191e+13],45.833333333333336,0.744
S1naive,GO,[1.26020191e+13],50.0,0.529
S1naive,GO,[1.26020191e+13],52.083333333333336,0.333
S1naive,GO,[1.26020191e+13],45.833333333333336,0.748
S1naive,GO,[1.26020191e+13],43.75,0.852
S1naive,GO,[1.26020191e+13],37.5,0.966
S1naive,GO,[1.26020191e+13],50.0,0.572
S1naive,GO,[1.26020191e+13],41.666666666666664,0.912
S1naive,GO,[1.26020191e+13],56.25,0.163
S1naive,GO,[1.26020191e+13],50.0,0.563
S1naive,GO,[1.26020191e+13],43.75,0.84
S1naive,GO,[1.26020191e+13],39.583333333333336,0.924
S1naive,GO,[1.26020191e+13],43.75,0.831
S1naive,GO,[1.26020191e+13],41.666666666666664,0.887
S1naive,GO,[1.26020191e+13],41.666666666666664,0.904
S1naive,GO,[1.26020191e+13],56.25,0.151
S1naive,GO,[1.26020191e+13],59.375,0.125
S1naive,GO,[1.26020191e+13],53.125,0.397
S1naive,GO,[1.26020191e+13],40.625,0.891
S1naive,GO,[1.26020191e+13],37.5,0.963
S1naive,GO,[1.26020191e+13],43.75,0.813
S1naive,GO,[1.26020191e+13],50.0,0.525
S1naive,GO,[1.26020191e+13],56.25,0.19
S1naive,GO,[1.26020191e+13],56.25,0.205
S1naive,GO,[1.26020191e+13],28.125,0.999
S1naive,GO,[1.26020191e+13],68.75,0.004
S1naive,GO,[1.26020191e+13],62.5,0.039
S1naive,GO,[1.26020191e+13],56.25,0.218
S1naive,GO,[1.26020191e+13],34.375,0.983
S1naive,GO,[1.26020191e+13],43.75,0.809
S1naive,GO,[1.26020191e+13],37.5,0.958
S1naive,GO,[1.26020191e+13],40.625,0.884
S1naive,GO,[1.26020191e+13],59.375,0.126
S1naive,GO,[1.26020191e+13],62.5,0.044
S1naive,GO,[1.26020191e+13],43.75,0.822
S1naive,GO,[1.26020191e+13],59.375,0.137
S1naive,GO,[1.26020191e+13],46.875,0.633
S1naive,GO,[1.26020191e+13],43.75,0.816
S1naive,GO,[1.26020191e+13],59.375,0.12
S1naive,GO,[1.26020191e+13],40.625,0.895
S1naive,GO,[1.26020191e+13],46.875,0.628
S1naive,GO,[1.26020191e+13],43.75,0.813
S1naive,GO,[1.26020191e+13],46.875,0.656
S1naive,GO,[1.26020191e+13],43.75,0.811
S1naive,GO,[1.26020191e+13],62.5,0.034
S1naive,GO,[1.26020191e+13],50.0,0.484
S1naive,GO,[1.26020191e+13],53.125,0.386
S1naive,GO,[1.26020191e+13],56.25,0.186
S1naive,GO,[1.26020191e+13],56.25,0.2
S1naive,GO,[1.26020191e+13],46.875,0.611
S1naive,GO,[1.26820191e+13],59.375,0.166
S1naive,GO,[1.26820191e+13],53.125,0.458
S1naive,GO,[1.26820191e+13],53.125,0.41
S1naive,GO,[1.26820191e+13],56.25,0.246
S1naive,GO,[1.26820191e+13],43.75,0.868
S1naive,GO,[1.26820191e+13],50.0,0.559
S1naive,GO,[1.26820191e+13],53.125,0.429
S1naive,GO,[1.26820191e+13],59.375,0.128
S1naive,GO,[1.26820191e+13],53.125,0.421
S1naive,GO,[1.26820191e+13],56.25,0.227
S1naive,GO,[1.26820191e+13],43.75,0.857
S1naive,GO,[1.26820191e+13],50.0,0.592
S1naive,GO,[1.26820191e+13],56.25,0.231
S1naive,GO,[1.26820191e+13],65.625,0.029
S1naive,GO,[1.26820191e+13],54.166666666666664,0.233
S1naive,GO,[1.26820191e+13],39.583333333333336,0.939
S1naive,GO,[1.26820191e+13],50.0,0.569
S1naive,GO,[1.26820191e+13],52.083333333333336,0.318
S1naive,GO,[1.26820191e+13],54.166666666666664,0.246
S1naive,GO,[1.26820191e+13],35.416666666666664,0.985
S1naive,GO,[1.26820191e+13],52.083333333333336,0.344
S1naive,GO,[1.26820191e+13],64.58333333333333,0.024
S1naive,GO,[1.26820191e+13],52.083333333333336,0.328
S1naive,GO,[1.26820191e+13],41.666666666666664,0.898
S1naive,GO,[1.26820191e+13],62.5,0.04
S1naive,GO,[1.26820191e+13],58.333333333333336,0.105
S1naive,GO,[1.26820191e+13],45.833333333333336,0.755
S1naive,GO,[1.26820191e+13],50.0,0.571
S1naive,GO,[1.26820191e+13],50.0,0.554
S1naive,GO,[1.26820191e+13],50.0,0.545
S1naive,GO,[1.26820191e+13],56.25,0.185
S1naive,GO,[1.26820191e+13],43.75,0.848
S1naive,GO,[1.26820191e+13],56.25,0.165
S1naive,GO,[1.26820191e+13],52.083333333333336,0.344
S1naive,GO,[1.26820191e+13],62.5,0.04
S1naive,GO,[1.26820191e+13],54.166666666666664,0.239
S1naive,GO,[1.26820191e+13],58.333333333333336,0.113
S1naive,GO,[1.26820191e+13],45.833333333333336,0.767
S1naive,GO,[1.26820191e+13],56.25,0.152
S1naive,GO,[1.26820191e+13],50.0,0.564
S1naive,GO,[1.26820191e+13],52.083333333333336,0.353
S1naive,GO,[1.26820191e+13],68.75,0.003
S1naive,GO,[1.26820191e+13],50.0,0.568
S1naive,GO,[1.26820191e+13],47.916666666666664,0.667
S1naive,GO,[1.26820191e+13],41.666666666666664,0.9
S1naive,GO,[1.26820191e+13],54.166666666666664,0.251
S1naive,GO,[1.26820191e+13],47.916666666666664,0.658
S1naive,GO,[1.26820191e+13],56.25,0.206
S1naive,GO,[1.26820191e+13],64.58333333333333,0.02
S1naive,GO,[1.26820191e+13],45.833333333333336,0.806
S1naive,GO,[1.26820191e+13],43.75,0.851
S1naive,GO,[1.26820191e+13],60.416666666666664,0.065
S1naive,GO,[1.26820191e+13],39.583333333333336,0.954
S1naive,GO,[1.26820191e+13],58.333333333333336,0.124
S1naive,GO,[1.26820191e+13],58.333333333333336,0.118
S1naive,GO,[1.26820191e+13],39.583333333333336,0.949
S1naive,GO,[1.26820191e+13],60.416666666666664,0.078
S1naive,GO,[1.26820191e+13],43.75,0.855
S1naive,GO,[1.26820191e+13],56.25,0.189
S1naive,GO,[1.26820191e+13],56.25,0.191
S1naive,GO,[1.26820191e+13],43.75,0.868
S1naive,GO,[1.26820191e+13],50.0,0.599
S1naive,GO,[1.26820191e+13],56.25,0.189
S1naive,GO,[1.26820191e+13],50.0,0.602
S1naive,GO,[1.26820191e+13],50.0,0.568
S1naive,GO,[1.26820191e+13],56.25,0.191
S1naive,GO,[1.26820191e+13],58.333333333333336,0.129
S1naive,GO,[1.26820191e+13],54.166666666666664,0.296
S1naive,GO,[1.26820191e+13],52.083333333333336,0.363
S1naive,GO,[1.26820191e+13],52.083333333333336,0.365
S1naive,GO,[1.26820191e+13],31.25,0.995
S1naive,GO,[1.26820191e+13],45.833333333333336,0.788
S1naive,GO,[1.26820191e+13],52.083333333333336,0.369
S1naive,GO,[1.26820191e+13],50.0,0.577
S1naive,GO,[1.26820191e+13],56.25,0.194
S1naive,GO,[1.26820191e+13],47.916666666666664,0.707
S1naive,GO,[1.26820191e+13],39.583333333333336,0.945
S1naive,GO,[1.26820191e+13],45.833333333333336,0.767
S1naive,GO,[1.26820191e+13],52.083333333333336,0.381
S1naive,GO,[1.26820191e+13],47.916666666666664,0.678
S1naive,GO,[1.26820191e+13],58.333333333333336,0.12
S1naive,GO,[1.26820191e+13],43.75,0.851
S1naive,GO,[1.26820191e+13],52.083333333333336,0.373
S1naive,GO,[1.26820191e+13],50.0,0.594
S1naive,GO,[1.26820191e+13],50.0,0.592
S1naive,GO,[1.26820191e+13],50.0,0.566
S1naive,GO,[1.29820191e+13],46.875,0.724
S1naive,GO,[1.29820191e+13],50.0,0.601
S1naive,GO,[1.29820191e+13],40.625,0.898
S1naive,GO,[1.29820191e+13],34.375,0.987
S1naive,GO,[1.29820191e+13],46.875,0.734
S1naive,GO,[1.29820191e+13],53.125,0.341
S1naive,GO,[1.29820191e+13],59.375,0.155
S1naive,GO,[1.29820191e+13],50.0,0.645
S1naive,GO,[1.29820191e+13],68.75,0.016
S1naive,GO,[1.29820191e+13],71.875,0.002
S1naive,GO,[1.29820191e+13],31.25,0.995
S1naive,GO,[1.29820191e+13],56.25,0.265
S1naive,GO,[1.29820191e+13],43.75,0.842
S1naive,GO,[1.29820191e+13],37.5,0.966
S1naive,GO,[1.29820191e+13],68.75,0.011
S1naive,GO,[1.29820191e+13],37.5,0.967
S1naive,GO,[1.29820191e+13],65.625,0.03
S1naive,GO,[1.29820191e+13],34.375,0.986
S1naive,GO,[1.29820191e+13],37.5,0.968
S1naive,GO,[1.29820191e+13],53.125,0.38
S1naive,GO,[1.29820191e+13],46.875,0.712
S1naive,GO,[1.29820191e+13],59.375,0.158
S1naive,GO,[1.29820191e+13],46.875,0.733
S1naive,GO,[1.29820191e+13],50.0,0.594
S1naive,GO,[1.29820191e+13],56.25,0.234
S1naive,GO,[1.29820191e+13],50.0,0.62
S1naive,GO,[1.29820191e+13],54.166666666666664,0.277
S1naive,GO,[1.29820191e+13],58.333333333333336,0.146
S1naive,GO,[1.29820191e+13],60.416666666666664,0.053
S1naive,GO,[1.29820191e+13],56.25,0.208
S1naive,GO,[1.29820191e+13],60.416666666666664,0.067
S1naive,GO,[1.29820191e+13],47.916666666666664,0.717
S1naive,GO,[1.29820191e+13],60.416666666666664,0.056
S1naive,GO,[1.29820191e+13],62.5,0.028
S1naive,GO,[1.29820191e+13],58.333333333333336,0.138
S1naive,GO,[1.29820191e+13],54.166666666666664,0.302
S1naive,GO,[1.29820191e+13],43.75,0.854
S1naive,GO,[1.29820191e+13],54.166666666666664,0.302
S1naive,GO,[1.29820191e+13],54.166666666666664,0.298
S1naive,GO,[1.29820191e+13],52.083333333333336,0.391
S1naive,GO,[1.29820191e+13],47.916666666666664,0.706
S1naive,GO,[1.29820191e+13],45.833333333333336,0.767
S1naive,GO,[1.29820191e+13],60.416666666666664,0.065
S1naive,GO,[1.29820191e+13],45.833333333333336,0.77
S1naive,GO,[1.29820191e+13],45.833333333333336,0.786
S1naive,GO,[1.29820191e+13],50.0,0.6
S1naive,GO,[1.29820191e+13],39.583333333333336,0.964
S1naive,GO,[1.29820191e+13],47.916666666666664,0.705
S1naive,GO,[1.29820191e+13],56.25,0.223
S1naive,GO,[1.29820191e+13],46.875,0.92
S1naive,GO,[1.29820191e+13],56.25,0.487
S1naive,GO,[1.29820191e+13],40.625,0.973
S1naive,GO,[1.29820191e+13],62.5,0.239
S1naive,GO,[1.29820191e+13],65.625,0.075
S1naive,GO,[1.29820191e+13],53.125,0.631
S1naive,GO,[1.29820191e+13],56.25,0.52
S1naive,GO,[1.29820191e+13],34.375,0.999
S1naive,GO,[1.29820191e+13],62.5,0.045
S1naive,GO,[1.29820191e+13],51.5625,0.442
S1naive,GO,[1.29820191e+13],54.6875,0.3
S1naive,GO,[1.29820191e+13],43.75,0.919
S1naive,GO,[1.29820191e+13],53.125,0.356
S1naive,GO,[1.29820191e+13],43.75,0.911
S1naive,GO,[1.29820191e+13],46.875,0.798
S1naive,GO,[1.29820191e+13],40.625,0.963
S1naive,GO,[1.29820191e+13],57.8125,0.139
S1naive,GO,[1.29820191e+13],57.8125,0.142
S1naive,GO,[1.29820191e+13],59.375,0.098
S1naive,GO,[1.29820191e+13],43.75,0.907
S1naive,GO,[1.29820191e+13],48.4375,0.719
S1naive,GO,[1.29820191e+13],31.25,1.0
S1naive,GO,[1.29820191e+13],67.1875,0.0
S1naive,GO,[1.29820191e+13],40.625,0.971
S1naive,GO,[1.29820191e+13],57.8125,0.11
S1naive,GO,[1.29820191e+13],59.375,0.121
S1naive,GO,[1.29820191e+13],48.4375,0.726
S1naive,GO,[1.29820191e+13],59.375,0.092
S1naive,GO,[1.29820191e+13],57.8125,0.145
S1naive,GO,[1.29820191e+13],57.8125,0.138
S1naive,GO,[1.29820191e+13],56.25,0.209
S1naive,GO,[1.29820191e+13],43.75,0.909
S1naive,GO,[1.29820191e+13],51.5625,0.445
S1naive,GO,[1.29820191e+13],45.3125,0.868
S1naive,GO,[1.29820191e+13],42.1875,0.946
S1naive,GO,[1.29820191e+13],56.25,0.22
S1naive,GO,[1.29820191e+13],59.375,0.105
S1naive,GO,[1.29820191e+13],50.0,0.632
S1naive,GO,[1.29820191e+13],39.0625,0.977
S1naive,GO,[1.29820191e+13],46.875,0.788
S1naive,GO,[1.29820191e+13],60.9375,0.056
S1naive,GO,[1.26820191e+14],37.5,0.964
S1naive,LICK,[1.21820191e+12],51.5625,0.572
S1naive,LICK,[1.21820191e+12],54.6875,1.0
S1naive,LICK,[1.21820191e+12],56.25,0.998
S1naive,LICK,[1.26020191e+12],43.75,0.934
S1naive,LICK,[1.26020191e+12],59.375,0.261
S1naive,LICK,[1.26020191e+12],43.75,0.94
S1naive,LICK,[1.26820191e+12],40.625,0.987
S1naive,LICK,[1.26820191e+12],62.5,0.291
S1naive,LICK,[1.26820191e+12],45.833333333333336,0.999
S1naive,LICK,[1.26820191e+12],43.75,0.998
S1naive,LICK,[1.26820191e+12],33.333333333333336,1.0
S1naive,LICK,[1.26820191e+12],77.08333333333333,0.998
S1naive,LICK,[1.26820191e+12],52.083333333333336,1.0
S1naive,LICK,[1.26820191e+12],50.0,1.0
S1naive,LICK,[1.26820191e+12],75.0,1.0
S1naive,LICK,[1.26820191e+12],70.83333333333333,1.0
S1naive,LICK,[1.26820191e+12],39.583333333333336,0.991
S1naive,LICK,[1.26820191e+12],31.25,1.0
S1naive,LICK,[1.29820191e+12],18.75,1.0
S1naive,LICK,[1.29820191e+12],39.0625,1.0
S1naive,LICK,[1.21820191e+13],54.6875,0.338
S1naive,LICK,[1.21820191e+13],46.875,0.819
S1naive,LICK,[1.21820191e+13],42.1875,0.953
S1naive,LICK,[1.21820191e+13],40.625,1.0
S1naive,LICK,[1.21820191e+13],32.8125,1.0
S1naive,LICK,[1.21820191e+13],65.625,0.826
S1naive,LICK,[1.21820191e+13],60.9375,0.975
S1naive,LICK,[1.21820191e+13],42.1875,1.0
S1naive,LICK,[1.21820191e+13],50.0,1.0
S1naive,LICK,[1.21820191e+13],53.125,1.0
S1naive,LICK,[1.21820191e+13],50.0,1.0
S1naive,LICK,[1.21820191e+13],51.5625,0.999
S1naive,LICK,[1.21820191e+13],45.3125,1.0
S1naive,LICK,[1.21820191e+13],62.5,0.941
S1naive,LICK,[1.21820191e+13],51.5625,1.0
S1naive,LICK,[1.26020191e+13],56.25,0.356
S1naive,LICK,[1.26020191e+13],31.25,1.0
S1naive,LICK,[1.26020191e+13],56.25,0.393
S1naive,LICK,[1.26020191e+13],53.125,0.576
S1naive,LICK,[1.26020191e+13],56.25,0.356
S1naive,LICK,[1.26020191e+13],50.0,0.734
S1naive,LICK,[1.26020191e+13],71.875,0.007
S1naive,LICK,[1.26020191e+13],53.125,0.621
S1naive,LICK,[1.26020191e+13],53.125,0.58
S1naive,LICK,[1.26020191e+13],50.0,0.707
S1naive,LICK,[1.26020191e+13],75.0,0.0
S1naive,LICK,[1.26020191e+13],56.25,0.351
S1naive,LICK,[1.26020191e+13],43.75,0.928
S1naive,LICK,[1.26020191e+13],59.375,0.28
S1naive,LICK,[1.26020191e+13],40.625,0.962
S1naive,LICK,[1.26020191e+13],62.5,0.108
S1naive,LICK,[1.26020191e+13],43.75,0.928
S1naive,LICK,[1.26020191e+13],56.25,0.346
S1naive,LICK,[1.26020191e+13],71.875,0.01
S1naive,LICK,[1.26020191e+13],37.5,0.991
S1naive,LICK,[1.26020191e+13],75.0,0.0
S1naive,LICK,[1.26020191e+13],37.5,0.988
S1naive,LICK,[1.26020191e+13],46.875,0.806
S1naive,LICK,[1.26020191e+13],28.125,1.0
S1naive,LICK,[1.26020191e+13],43.75,0.925
S1naive,LICK,[1.26020191e+13],43.75,0.939
S1naive,LICK,[1.26020191e+13],56.25,0.356
S1naive,LICK,[1.26020191e+13],50.0,0.686
S1naive,LICK,[1.26020191e+13],46.875,0.792
S1naive,LICK,[1.26020191e+13],50.0,0.709
S1naive,LICK,[1.26020191e+13],46.875,0.803
S1naive,LICK,[1.26020191e+13],37.5,0.99
S1naive,LICK,[1.26020191e+13],40.625,0.96
S1naive,LICK,[1.26020191e+13],40.625,0.963
S1naive,LICK,[1.26820191e+13],43.75,0.978
S1naive,LICK,[1.26820191e+13],68.75,0.063
S1naive,LICK,[1.26820191e+13],40.625,0.995
S1naive,LICK,[1.26820191e+13],50.0,0.842
S1naive,LICK,[1.26820191e+13],46.875,0.935
S1naive,LICK,[1.26820191e+13],34.375,1.0
S1naive,LICK,[1.26820191e+13],65.625,0.109
S1naive,LICK,[1.26820191e+13],37.5,0.996
S1naive,LICK,[1.26820191e+13],65.625,0.12
S1naive,LICK,[1.26820191e+13],31.25,1.0
S1naive,LICK,[1.26820191e+13],71.875,0.016
S1naive,LICK,[1.26820191e+13],43.75,0.978
S1naive,LICK,[1.26820191e+13],40.625,0.996
S1naive,LICK,[1.26820191e+13],50.0,0.868
S1naive,LICK,[1.26820191e+13],45.833333333333336,0.994
S1naive,LICK,[1.26820191e+13],54.166666666666664,0.845
S1naive,LICK,[1.26820191e+13],64.58333333333333,0.269
S1naive,LICK,[1.26820191e+13],47.916666666666664,0.985
S1naive,LICK,[1.26820191e+13],60.416666666666664,0.554
S1naive,LICK,[1.26820191e+13],62.5,0.407
S1naive,LICK,[1.26820191e+13],56.25,0.756
S1naive,LICK,[1.26820191e+13],52.083333333333336,0.912
S1naive,LICK,[1.26820191e+13],47.916666666666664,0.993
S1naive,LICK,[1.26820191e+13],50.0,0.978
S1naive,LICK,[1.26820191e+13],56.25,0.735
S1naive,LICK,[1.26820191e+13],56.25,0.763
S1naive,LICK,[1.26820191e+13],50.0,0.977
S1naive,LICK,[1.26820191e+13],41.666666666666664,0.999
S1naive,LICK,[1.26820191e+13],60.416666666666664,0.529
S1naive,LICK,[1.26820191e+13],39.583333333333336,1.0
S1naive,LICK,[1.26820191e+13],45.833333333333336,0.994
S1naive,LICK,[1.26820191e+13],75.0,0.014
S1naive,LICK,[1.26820191e+13],45.833333333333336,0.999
S1naive,LICK,[1.26820191e+13],47.916666666666664,0.988
S1naive,LICK,[1.26820191e+13],77.08333333333333,0.004
S1naive,LICK,[1.26820191e+13],58.333333333333336,0.632
S1naive,LICK,[1.26820191e+13],50.0,0.97
S1naive,LICK,[1.26820191e+13],47.916666666666664,0.992
S1naive,LICK,[1.26820191e+13],64.58333333333333,0.28
S1naive,LICK,[1.26820191e+13],41.666666666666664,0.999
S1naive,LICK,[1.26820191e+13],41.666666666666664,1.0
S1naive,LICK,[1.26820191e+13],50.0,0.983
S1naive,LICK,[1.26820191e+13],50.0,0.976
S1naive,LICK,[1.26820191e+13],47.916666666666664,0.99
S1naive,LICK,[1.26820191e+13],64.58333333333333,0.258
S1naive,LICK,[1.26820191e+13],41.666666666666664,0.998
S1naive,LICK,[1.26820191e+13],58.333333333333336,0.665
S1naive,LICK,[1.26820191e+13],75.0,1.0
S1naive,LICK,[1.26820191e+13],64.58333333333333,1.0
S1naive,LICK,[1.26820191e+13],68.75,1.0
S1naive,LICK,[1.26820191e+13],50.0,1.0
S1naive,LICK,[1.26820191e+13],52.083333333333336,1.0
S1naive,LICK,[1.26820191e+13],56.25,1.0
S1naive,LICK,[1.26820191e+13],70.83333333333333,1.0
S1naive,LICK,[1.26820191e+13],50.0,1.0
S1naive,LICK,[1.26820191e+13],68.75,1.0
S1naive,LICK,[1.26820191e+13],60.416666666666664,1.0
S1naive,LICK,[1.26820191e+13],68.75,1.0
S1naive,LICK,[1.26820191e+13],60.416666666666664,1.0
S1naive,LICK,[1.26820191e+13],58.333333333333336,1.0
S1naive,LICK,[1.26820191e+13],60.416666666666664,1.0
S1naive,LICK,[1.26820191e+13],66.66666666666667,1.0
S1naive,LICK,[1.26820191e+13],47.916666666666664,1.0
S1naive,LICK,[1.26820191e+13],52.083333333333336,1.0
S1naive,LICK,[1.26820191e+13],75.0,1.0
S1naive,LICK,[1.26820191e+13],25.0,1.0
S1naive,LICK,[1.26820191e+13],62.5,1.0
S1naive,LICK,[1.26820191e+13],68.75,1.0
S1naive,LICK,[1.26820191e+13],52.083333333333336,1.0
S1naive,LICK,[1.26820191e+13],58.333333333333336,1.0
S1naive,LICK,[1.26820191e+13],33.333333333333336,1.0
S1naive,LICK,[1.26820191e+13],45.833333333333336,1.0
S1naive,LICK,[1.26820191e+13],41.666666666666664,0.987
S1naive,LICK,[1.26820191e+13],52.083333333333336,0.662
S1naive,LICK,[1.26820191e+13],43.75,0.976
S1naive,LICK,[1.26820191e+13],52.083333333333336,0.688
S1naive,LICK,[1.26820191e+13],50.0,0.83
S1naive,LICK,[1.26820191e+13],39.583333333333336,0.995
S1naive,LICK,[1.26820191e+13],52.083333333333336,0.695
S1naive,LICK,[1.26820191e+13],45.833333333333336,0.951
S1naive,LICK,[1.26820191e+13],52.083333333333336,0.663
S1naive,LICK,[1.26820191e+13],50.0,0.864
S1naive,LICK,[1.26820191e+13],37.5,0.996
S1naive,LICK,[1.26820191e+13],33.333333333333336,0.999
S1naive,LICK,[1.26820191e+13],37.5,0.999
S1naive,LICK,[1.26820191e+13],52.083333333333336,0.686
S1naive,LICK,[1.29820191e+13],58.333333333333336,0.459
S1naive,LICK,[1.29820191e+13],64.58333333333333,0.092
S1naive,LICK,[1.29820191e+13],64.58333333333333,0.11
S1naive,LICK,[1.29820191e+13],64.58333333333333,0.105
S1naive,LICK,[1.29820191e+13],54.166666666666664,0.671
S1naive,LICK,[1.29820191e+13],56.25,0.553
S1naive,LICK,[1.29820191e+13],79.16666666666667,0.001
S1naive,LICK,[1.29820191e+13],60.416666666666664,0.259
S1naive,LICK,[1.29820191e+13],43.75,0.982
S1naive,LICK,[1.29820191e+13],37.5,0.999
S1naive,LICK,[1.29820191e+13],72.91666666666667,0.006
S1naive,LICK,[1.29820191e+13],41.666666666666664,0.998
S1naive,LICK,[1.29820191e+13],54.166666666666664,0.67
S1naive,LICK,[1.29820191e+13],62.5,0.185
S1naive,LICK,[1.29820191e+13],77.08333333333333,0.0
S1naive,LICK,[1.29820191e+13],75.0,0.002
S1naive,LICK,[1.29820191e+13],37.5,0.998
S1naive,LICK,[1.29820191e+13],50.0,0.884
S1naive,LICK,[1.29820191e+13],68.75,0.017
S1naive,LICK,[1.29820191e+13],62.5,0.183
S1naive,LICK,[1.29820191e+13],27.083333333333332,1.0
S1naive,LICK,[1.29820191e+13],52.083333333333336,0.731
S1naive,LICK,[1.29820191e+13],54.166666666666664,0.672
S1naive,LICK,[1.29820191e+13],45.833333333333336,0.982
S1naive,LICK,[1.29820191e+13],47.916666666666664,0.937
S1naive,LICK,[1.29820191e+13],72.91666666666667,0.003
S1naive,LICK,[1.29820191e+13],43.75,1.0
S1naive,LICK,[1.29820191e+13],46.875,0.999
S1naive,LICK,[1.29820191e+13],46.875,0.996
S1naive,LICK,[1.29820191e+13],46.875,0.998
S1naive,LICK,[1.29820191e+13],53.125,0.946
S1naive,LICK,[1.29820191e+13],68.75,0.319
S1naive,LICK,[1.29820191e+13],50.0,0.997
S1naive,LICK,[1.29820191e+13],56.25,0.925
S1naive,LICK,[1.29820191e+13],53.125,1.0
S1naive,LICK,[1.29820191e+13],65.625,1.0
S1naive,LICK,[1.29820191e+13],59.375,1.0
S1naive,LICK,[1.29820191e+13],60.9375,1.0
S1naive,LICK,[1.29820191e+13],45.3125,1.0
S1naive,LICK,[1.29820191e+13],64.0625,1.0
S1naive,LICK,[1.29820191e+13],50.0,1.0
S1naive,LICK,[1.29820191e+13],90.625,0.021
S1naive,LICK,[1.29820191e+13],45.3125,1.0
S1naive,LICK,[1.29820191e+13],45.3125,1.0
S1naive,LICK,[1.29820191e+13],60.9375,1.0
S1naive,LICK,[1.29820191e+13],60.9375,1.0
S1naive,LICK,[1.29820191e+13],62.5,1.0
S1naive,LICK,[1.29820191e+13],53.125,1.0
S1naive,LICK,[1.29820191e+13],51.5625,1.0
S1naive,LICK,[1.29820191e+13],75.0,0.998
S1naive,LICK,[1.29820191e+13],59.375,1.0
S1naive,LICK,[1.29820191e+13],78.125,0.962
S1naive,LICK,[1.29820191e+13],46.875,1.0
S1naive,LICK,[1.29820191e+13],43.75,1.0
S1naive,LICK,[1.29820191e+13],70.3125,1.0
S1naive,LICK,[1.29820191e+13],68.75,1.0
S1naive,LICK,[1.29820191e+13],28.125,1.0
S1naive,LICK,[1.29820191e+13],57.8125,1.0
S1naive,LICK,[1.29820191e+13],51.5625,1.0
S1naive,LICK,[1.29820191e+13],31.25,1.0
S1naive,LICK,[1.29820191e+13],42.1875,1.0
S1naive,LICK,[1.29820191e+13],60.9375,1.0
S1naive,LICK,[1.29820191e+13],59.375,1.0
S1naive,LICK,[1.29820191e+13],62.5,1.0
S1naive,LICK,[1.29820191e+13],59.375,1.0
S1naive,LICK,[1.29820191e+13],64.0625,1.0
S1naive,LICK,[1.29820191e+13],60.9375,1.0
S1naive,LICK,[1.26820191e+14],50.0,0.862
PPC,GO,[5.8820181e+11],55.208333333333336,0.205
PPC,GO,[5.8820181e+11],42.708333333333336,0.929
PPC,GO,[5.8820181e+11],56.25,0.141
PPC,GO,[5.8820181e+11],50.0,0.558
PPC,GO,[5.8820181e+11],41.666666666666664,0.912
PPC,GO,[5.8820181e+11],41.666666666666664,0.898
PPC,GO,[5.8820181e+11],55.208333333333336,0.153
PPC,GO,[5.8820181e+11],54.6875,0.19
PPC,GO,[5.8820181e+11],43.75,0.875
PPC,GO,[5.8820181e+11],46.875,0.786
PPC,GO,[5.8820181e+11],43.75,0.875
PPC,GO,[5.8820181e+11],46.875,0.733
PPC,GO,[5.8820181e+11],46.875,0.747
PPC,GO,[5.8820181e+11],48.4375,0.663
PPC,GO,[5.8820181e+11],39.0625,0.959
PPC,GO,[5.8820181e+11],43.75,0.869
PPC,GO,[5.8820181e+11],50.0,0.58
PPC,GO,[5.8820181e+11],58.333333333333336,0.157
PPC,GO,[5.8820181e+11],60.416666666666664,0.071
PPC,GO,[5.8820181e+11],39.0625,0.964
PPC,GO,[5.8820181e+11],55.357142857142854,0.126
PPC,GO,[5.8820181e+11],50.0,0.578
PPC,GO,[7.5620181e+11],42.1875,0.896
PPC,GO,[7.5620181e+11],40.625,0.927
PPC,GO,[7.5620181e+11],48.4375,0.589
PPC,GO,[7.5620181e+11],37.5,0.968
PPC,GO,[7.5620181e+11],46.875,0.708
PPC,GO,[7.5620181e+11],53.75,0.248
PPC,GO,[7.5620181e+11],48.75,0.608
PPC,GO,[7.5620181e+11],47.5,0.657
PPC,GO,[7.5620181e+11],42.5,0.937
PPC,GO,[7.5620181e+11],50.0,0.501
PPC,GO,[7.5620181e+11],50.0,0.498
PPC,GO,[7.5620181e+11],39.0625,0.961
PPC,GO,[7.5620181e+11],51.5625,0.436
PPC,GO,[7.5620181e+11],55.208333333333336,0.147
PPC,GO,[7.5620181e+11],50.0,0.539
PPC,GO,[7.5620181e+11],50.0,0.545
PPC,GO,[7.5620181e+11],56.25,0.205
PPC,GO,[7.5620181e+11],48.4375,0.595
PPC,GO,[7.5620181e+11],46.875,0.683
PPC,GO,[7.5620181e+11],42.1875,0.899
PPC,GO,[7.5620181e+11],53.75,0.255
PPC,GO,[7.5620181e+11],51.25,0.395
PPC,GO,[7.5620181e+11],55.0,0.191
PPC,GO,[7.5620181e+11],50.0,0.519
PPC,GO,[7.5620181e+11],45.833333333333336,0.682
PPC,GO,[7.5620181e+11],60.416666666666664,0.063
PPC,GO,[7.5620181e+11],56.25,0.142
PPC,GO,[5.8820181e+12],47.916666666666664,0.707
PPC,GO,[5.8820181e+12],51.041666666666664,0.482
PPC,GO,[5.8820181e+12],53.125,0.304
PPC,GO,[5.8820181e+12],48.958333333333336,0.57
PPC,GO,[5.8820181e+12],58.333333333333336,0.071
PPC,GO,[5.8820181e+12],52.083333333333336,0.363
PPC,GO,[5.8820181e+12],48.958333333333336,0.557
PPC,GO,[5.8820181e+12],61.458333333333336,0.017
PPC,GO,[5.8820181e+12],48.958333333333336,0.546
PPC,GO,[5.8820181e+12],58.333333333333336,0.065
PPC,GO,[5.8820181e+12],54.166666666666664,0.221
PPC,GO,[5.8820181e+12],48.958333333333336,0.602
PPC,GO,[5.8820181e+12],36.458333333333336,0.999
PPC,GO,[5.8820181e+12],53.125,0.297
PPC,GO,[5.8820181e+12],48.4375,0.689
PPC,GO,[5.8820181e+12],53.125,0.264
PPC,GO,[5.8820181e+12],56.25,0.147
PPC,GO,[5.8820181e+12],53.125,0.278
PPC,GO,[5.8820181e+12],54.6875,0.22
PPC,GO,[5.8820181e+12],51.5625,0.386
PPC,GO,[5.8820181e+12],56.25,0.146
PPC,GO,[5.8820181e+12],53.125,0.267
PPC,GO,[5.8820181e+12],56.25,0.146
PPC,GO,[5.8820181e+12],42.1875,0.919
PPC,GO,[5.8820181e+12],45.3125,0.823
PPC,GO,[5.8820181e+12],39.0625,0.964
PPC,GO,[5.8820181e+12],59.375,0.077
PPC,GO,[5.8820181e+12],46.875,0.751
PPC,GO,[5.8820181e+12],45.3125,0.819
PPC,GO,[5.8820181e+12],35.9375,0.993
PPC,GO,[5.8820181e+12],57.8125,0.095
PPC,GO,[5.8820181e+12],43.75,0.873
PPC,GO,[5.8820181e+12],37.5,0.981
PPC,GO,[5.8820181e+12],37.5,0.98
PPC,GO,[5.8820181e+12],35.416666666666664,0.996
PPC,GO,[5.8820181e+12],53.57142857142857,0.206
PPC,GO,[7.5620181e+12],53.125,0.299
PPC,GO,[7.5620181e+12],59.375,0.081
PPC,GO,[7.5620181e+12],46.25,0.747
PPC,GO,[7.5620181e+12],45.0,0.824
PPC,GO,[7.5620181e+12],51.25,0.423
PPC,GO,[7.5620181e+12],38.75,0.985
PPC,GO,[7.5620181e+12],47.5,0.703
PPC,GO,[7.5620181e+12],50.0,0.506
PPC,GO,[7.5620181e+12],50.0,0.529
PPC,GO,[7.5620181e+12],58.333333333333336,0.16
PPC,GO,[7.5620181e+12],43.75,0.854
PPC,GO,[7.5620181e+12],47.916666666666664,0.692
PPC,GO,[7.5620181e+12],50.0,0.565
PPC,GO,[7.5620181e+12],35.416666666666664,0.982
PPC,GO,[7.5620181e+12],43.75,0.847
PPC,GO,[7.5620181e+12],53.125,0.295
PPC,GO,[7.5620181e+12],50.0,0.597
PPC,GO,[7.5620181e+12],48.958333333333336,0.645
PPC,GO,[7.5620181e+12],48.958333333333336,0.673
PPC,GO,[7.5620181e+12],56.25,0.24
PPC,GO,[7.5620181e+12],56.25,0.22
PPC,GO,[7.5620181e+12],50.0,0.53
PPC,GO,[7.5620181e+12],43.75,0.812
PPC,GO,[7.5620181e+12],56.25,0.24
PPC,GO,[7.5620181e+12],37.5,0.889
PPC,GO,[7.5620181e+12],37.5,0.912
PPC,GO,[7.5620181e+12],43.75,0.854
PPC,GO,[7.5620181e+12],42.1875,0.886
PPC,GO,[7.5620181e+12],45.3125,0.769
PPC,GO,[7.5620181e+12],48.75,0.65
PPC,GO,[7.5620181e+12],53.75,0.248
PPC,GO,[7.5620181e+12],47.5,0.717
PPC,GO,[7.5620181e+12],58.75,0.06
PPC,GO,[7.5620181e+12],41.25,0.948
PPC,GO,[7.5620181e+12],51.25,0.425
PPC,GO,[7.5620181e+12],53.75,0.234
PPC,GO,[7.5620181e+12],45.833333333333336,0.697
PPC,GO,[7.5620181e+12],60.416666666666664,0.061
PPC,GO,[7.5620181e+12],52.083333333333336,0.391
PPC,GO,[7.5620181e+12],54.166666666666664,0.299
PPC,GO,[7.5620181e+12],47.916666666666664,0.625
PPC,GO,[7.5620181e+12],66.66666666666667,0.004
PPC,GO,[7.5620181e+12],47.916666666666664,0.58
PPC,GO,[7.5620181e+12],56.25,0.154
PPC,LICK,[5.8820181e+11],54.166666666666664,1.0
PPC,LICK,[5.8820181e+11],41.666666666666664,1.0
PPC,LICK,[5.8820181e+11],46.875,1.0
PPC,LICK,[5.8820181e+11],37.5,1.0
PPC,LICK,[5.8820181e+11],62.5,1.0
PPC,LICK,[5.8820181e+11],47.916666666666664,1.0
PPC,LICK,[5.8820181e+11],54.166666666666664,0.999
PPC,LICK,[5.8820181e+11],50.0,1.0
PPC,LICK,[5.8820181e+11],59.375,1.0
PPC,LICK,[5.8820181e+11],60.9375,1.0
PPC,LICK,[5.8820181e+11],50.0,1.0
PPC,LICK,[5.8820181e+11],57.8125,1.0
PPC,LICK,[5.8820181e+11],59.375,1.0
PPC,LICK,[5.8820181e+11],57.8125,1.0
PPC,LICK,[5.8820181e+11],40.625,0.997
PPC,LICK,[5.8820181e+11],48.4375,0.912
PPC,LICK,[5.8820181e+11],46.875,0.962
PPC,LICK,[5.8820181e+11],54.166666666666664,1.0
PPC,LICK,[5.8820181e+11],58.333333333333336,1.0
PPC,LICK,[5.8820181e+11],43.75,1.0
PPC,LICK,[5.8820181e+11],53.57142857142857,1.0
PPC,LICK,[5.8820181e+11],74.10714285714286,0.28
PPC,LICK,[7.5620181e+11],68.75,0.998
PPC,LICK,[7.5620181e+11],22.5,1.0
PPC,LICK,[7.5620181e+11],67.5,0.996
PPC,LICK,[7.5620181e+11],67.5,0.998
PPC,LICK,[7.5620181e+11],45.0,1.0
PPC,LICK,[7.5620181e+11],45.0,1.0
PPC,LICK,[7.5620181e+11],34.375,1.0
PPC,LICK,[7.5620181e+11],73.4375,0.999
PPC,LICK,[7.5620181e+11],37.5,1.0
PPC,LICK,[7.5620181e+11],57.8125,1.0
PPC,LICK,[7.5620181e+11],67.1875,1.0
PPC,LICK,[5.8820181e+12],70.83333333333333,0.952
PPC,LICK,[5.8820181e+12],34.375,1.0
PPC,LICK,[5.8820181e+12],55.208333333333336,1.0
PPC,LICK,[5.8820181e+12],61.458333333333336,1.0
PPC,LICK,[5.8820181e+12],80.20833333333333,0.17
PPC,LICK,[5.8820181e+12],55.208333333333336,1.0
PPC,LICK,[5.8820181e+12],45.833333333333336,1.0
PPC,LICK,[5.8820181e+12],46.875,1.0
PPC,LICK,[5.8820181e+12],63.541666666666664,0.999
PPC,LICK,[5.8820181e+12],67.70833333333333,0.993
PPC,LICK,[5.8820181e+12],45.833333333333336,1.0
PPC,LICK,[5.8820181e+12],46.875,1.0
PPC,LICK,[5.8820181e+12],21.875,1.0
PPC,LICK,[5.8820181e+12],87.5,0.033
PPC,LICK,[5.8820181e+12],40.625,1.0
PPC,LICK,[5.8820181e+12],71.875,0.992
PPC,LICK,[5.8820181e+12],71.875,0.996
PPC,LICK,[5.8820181e+12],73.4375,0.99
PPC,LICK,[5.8820181e+12],67.1875,0.999
PPC,LICK,[5.8820181e+12],51.5625,1.0
PPC,LICK,[5.8820181e+12],54.6875,1.0
PPC,LICK,[5.8820181e+12],51.5625,1.0
PPC,LICK,[5.8820181e+12],42.1875,1.0
PPC,LICK,[5.8820181e+12],68.75,1.0
PPC,LICK,[5.8820181e+12],59.375,1.0
PPC,LICK,[5.8820181e+12],54.6875,1.0
PPC,LICK,[5.8820181e+12],57.8125,1.0
PPC,LICK,[5.8820181e+12],39.0625,1.0
PPC,LICK,[5.8820181e+12],65.625,1.0
PPC,LICK,[5.8820181e+12],68.75,1.0
PPC,LICK,[5.8820181e+12],57.8125,1.0
PPC,LICK,[5.8820181e+12],53.125,1.0
PPC,LICK,[5.8820181e+12],68.75,0.999
PPC,LICK,[5.8820181e+12],81.25,0.643
PPC,LICK,[5.8820181e+12],58.333333333333336,1.0
PPC,LICK,[5.8820181e+12],34.82142857142857,1.0
PPC,LICK,[7.5620181e+12],46.25,1.0
PPC,LICK,[7.5620181e+12],75.0,0.776
PPC,LICK,[7.5620181e+12],55.0,1.0
PPC,LICK,[7.5620181e+12],57.5,1.0
PPC,LICK,[7.5620181e+12],63.75,1.0
PPC,LICK,[7.5620181e+12],63.75,1.0
PPC,LICK,[7.5620181e+12],51.5625,1.0
PPC,LICK,[7.5620181e+12],93.75,0.463
PPC,LICK,[7.5620181e+12],64.58333333333333,1.0
PPC,LICK,[7.5620181e+12],70.83333333333333,1.0
PPC,LICK,[7.5620181e+12],70.83333333333333,1.0
PPC,LICK,[7.5620181e+12],75.0,1.0
PPC,LICK,[7.5620181e+12],83.33333333333333,1.0
PPC,LICK,[7.5620181e+12],62.5,1.0
PPC,LICK,[7.5620181e+12],53.125,1.0
PPC,LICK,[7.5620181e+12],54.6875,1.0
